{
  "workclass": {
    "Local-gov": {
      "precision": 0.6153846153846154,
      "recall": 0.22857142857142856,
      "fbeta": 0.3333333333333333
    },
    "Private": {
      "precision": 0.6737400530503979,
      "recall": 0.25298804780876494,
      "fbeta": 0.36784938450398263
    },
    "Self-emp-inc": {
      "precision": 0.9148936170212766,
      "recall": 0.37719298245614036,
      "fbeta": 0.5341614906832298
    },
    "Self-emp-not-inc": {
      "precision": 0.6949152542372882,
      "recall": 0.2887323943661972,
      "fbeta": 0.40796019900497515
    },
    "State-gov": {
      "precision": 0.8148148148148148,
      "recall": 0.26506024096385544,
      "fbeta": 0.4
    },
    "Federal-gov": {
      "precision": 0.7,
      "recall": 0.17721518987341772,
      "fbeta": 0.2828282828282828
    },
    "?": {
      "precision": 0.48,
      "recall": 0.3333333333333333,
      "fbeta": 0.39344262295081966
    },
    "Without-pay": {
      "precision": 0.0,
      "recall": 1.0,
      "fbeta": 0.0
    },
    "Never-worked": {
      "precision": 1.0,
      "recall": 1.0,
      "fbeta": 1.0
    }
  },
  "education": {
    "Assoc-acdm": {
      "precision": 0.75,
      "recall": 0.22388059701492538,
      "fbeta": 0.3448275862068966
    },
    "HS-grad": {
      "precision": 0.4580152671755725,
      "recall": 0.18072289156626506,
      "fbeta": 0.2591792656587473
    },
    "Assoc-voc": {
      "precision": 0.8181818181818182,
      "recall": 0.24324324324324326,
      "fbeta": 0.375
    },
    "Masters": {
      "precision": 0.8484848484848485,
      "recall": 0.3163841807909605,
      "fbeta": 0.4609053497942387
    },
    "Some-college": {
      "precision": 0.5754716981132075,
      "recall": 0.23282442748091603,
      "fbeta": 0.3315217391304348
    },
    "11th": {
      "precision": 0.2,
      "recall": 0.16666666666666666,
      "fbeta": 0.1818181818181818
    },
    "10th": {
      "precision": 0.5714285714285714,
      "recall": 0.26666666666666666,
      "fbeta": 0.36363636363636365
    },
    "Bachelors": {
      "precision": 0.8269230769230769,
      "recall": 0.28794642857142855,
      "fbeta": 0.42715231788079466
    },
    "9th": {
      "precision": 0.16666666666666666,
      "recall": 0.1111111111111111,
      "fbeta": 0.13333333333333333
    },
    "5th-6th": {
      "precision": 0.0,
      "recall": 0.0,
      "fbeta": 0.0
    },
    "Doctorate": {
      "precision": 0.9130434782608695,
      "recall": 0.328125,
      "fbeta": 0.4827586206896551
    },
    "7th-8th": {
      "precision": 0.25,
      "recall": 0.25,
      "fbeta": 0.25
    },
    "Prof-school": {
      "precision": 0.975,
      "recall": 0.42391304347826086,
      "fbeta": 0.5909090909090909
    },
    "12th": {
      "precision": 1.0,
      "recall": 0.42857142857142855,
      "fbeta": 0.6
    },
    "1st-4th": {
      "precision": 1.0,
      "recall": 0.0,
      "fbeta": 0.0
    },
    "Preschool": {
      "precision": 0.0,
      "recall": 1.0,
      "fbeta": 0.0
    }
  },
  "marital-status": {
    "Widowed": {
      "precision": 0.42857142857142855,
      "recall": 0.2727272727272727,
      "fbeta": 0.33333333333333326
    },
    "Married-civ-spouse": {
      "precision": 0.7788235294117647,
      "recall": 0.2483120780195049,
      "fbeta": 0.37656427758816835
    },
    "Married-AF-spouse": {
      "precision": 1.0,
      "recall": 0.0,
      "fbeta": 0.0
    },
    "Never-married": {
      "precision": 0.3372093023255814,
      "recall": 0.31521739130434784,
      "fbeta": 0.3258426966292135
    },
    "Divorced": {
      "precision": 0.6140350877192983,
      "recall": 0.39325842696629215,
      "fbeta": 0.4794520547945206
    },
    "Separated": {
      "precision": 0.5,
      "recall": 0.23529411764705882,
      "fbeta": 0.31999999999999995
    },
    "Married-spouse-absent": {
      "precision": 1.0,
      "recall": 0.625,
      "fbeta": 0.7692307692307693
    }
  },
  "occupation": {
    "Prof-specialty": {
      "precision": 0.8206896551724138,
      "recall": 0.3352112676056338,
      "fbeta": 0.476
    },
    "Craft-repair": {
      "precision": 0.5797101449275363,
      "recall": 0.19704433497536947,
      "fbeta": 0.29411764705882354
    },
    "Transport-moving": {
      "precision": 0.5172413793103449,
      "recall": 0.23809523809523808,
      "fbeta": 0.32608695652173914
    },
    "Adm-clerical": {
      "precision": 0.4666666666666667,
      "recall": 0.18584070796460178,
      "fbeta": 0.2658227848101266
    },
    "Other-service": {
      "precision": 0.3333333333333333,
      "recall": 0.16666666666666666,
      "fbeta": 0.2222222222222222
    },
    "Sales": {
      "precision": 0.7088607594936709,
      "recall": 0.27722772277227725,
      "fbeta": 0.39857651245551606
    },
    "Exec-managerial": {
      "precision": 0.905982905982906,
      "recall": 0.28418230563002683,
      "fbeta": 0.4326530612244898
    },
    "Handlers-cleaners": {
      "precision": 0.14285714285714285,
      "recall": 0.058823529411764705,
      "fbeta": 0.08333333333333333
    },
    "Tech-support": {
      "precision": 0.75,
      "recall": 0.21052631578947367,
      "fbeta": 0.3287671232876712
    },
    "Farming-fishing": {
      "precision": 0.42857142857142855,
      "recall": 0.2727272727272727,
      "fbeta": 0.33333333333333326
    },
    "?": {
      "precision": 0.48,
      "recall": 0.3333333333333333,
      "fbeta": 0.39344262295081966
    },
    "Machine-op-inspct": {
      "precision": 0.391304347826087,
      "recall": 0.16981132075471697,
      "fbeta": 0.23684210526315788
    },
    "Protective-serv": {
      "precision": 0.8,
      "recall": 0.20512820512820512,
      "fbeta": 0.326530612244898
    },
    "Priv-house-serv": {
      "precision": 0.0,
      "recall": 1.0,
      "fbeta": 0.0
    },
    "Armed-Forces": {
      "precision": 1.0,
      "recall": 1.0,
      "fbeta": 1.0
    }
  },
  "relationship": {
    "Unmarried": {
      "precision": 0.6521739130434783,
      "recall": 0.3125,
      "fbeta": 0.4225352112676057
    },
    "Husband": {
      "precision": 0.7935656836461126,
      "recall": 0.25170068027210885,
      "fbeta": 0.38218205293737895
    },
    "Wife": {
      "precision": 0.7021276595744681,
      "recall": 0.2214765100671141,
      "fbeta": 0.336734693877551
    },
    "Not-in-family": {
      "precision": 0.5130434782608696,
      "recall": 0.34705882352941175,
      "fbeta": 0.41403508771929826
    },
    "Own-child": {
      "precision": 0.10344827586206896,
      "recall": 0.23076923076923078,
      "fbeta": 0.14285714285714288
    },
    "Other-relative": {
      "precision": 0.5,
      "recall": 0.5714285714285714,
      "fbeta": 0.5333333333333333
    }
  },
  "race": {
    "White": {
      "precision": 0.6958955223880597,
      "recall": 0.2649147727272727,
      "fbeta": 0.3837448559670782
    },
    "Black": {
      "precision": 0.6060606060606061,
      "recall": 0.2564102564102564,
      "fbeta": 0.36036036036036034
    },
    "Asian-Pac-Islander": {
      "precision": 0.7222222222222222,
      "recall": 0.22033898305084745,
      "fbeta": 0.33766233766233766
    },
    "Amer-Indian-Eskimo": {
      "precision": 0.2,
      "recall": 0.125,
      "fbeta": 0.15384615384615385
    },
    "Other": {
      "precision": 1.0,
      "recall": 0.3,
      "fbeta": 0.4615384615384615
    }
  },
  "sex": {
    "Male": {
      "precision": 0.7516059957173448,
      "recall": 0.2639097744360902,
      "fbeta": 0.39065108514190316
    },
    "Female": {
      "precision": 0.4609375,
      "recall": 0.2532188841201717,
      "fbeta": 0.32686980609418287
    }
  },
  "native-country": {
    "United-States": {
      "precision": 0.6936936936936937,
      "recall": 0.2699859747545582,
      "fbeta": 0.3886925795053004
    },
    "Taiwan": {
      "precision": 1.0,
      "recall": 0.0,
      "fbeta": 0.0
    },
    "England": {
      "precision": 1.0,
      "recall": 0.0,
      "fbeta": 0.0
    },